ano;uf;dt_referencia;dt_geracao;qtd_contratos_total;valor_total_contratos;qtd_operacoes_total;arquivo_origem
2015;AC;2015_12;2026_04_29;5501;111004437.65;5501;pronaf_gaia_historico_anual_2015.xlsx
2015;AL;2015_12;2026_04_29;50340;197708447.32;50340;pronaf_gaia_historico_anual_2015.xlsx
2015;AM;2015_12;2026_04_29;3382;53503401.07;3382;pronaf_gaia_historico_anual_2015.xlsx
2015;AP;2015_12;2026_04_29;804;11027156.43;804;pronaf_gaia_historico_anual_2015.xlsx
2015;BA;2015_12;2026_04_29;229983;812309278.36;229983;pronaf_gaia_historico_anual_2015.xlsx
2015;CE;2015_12;2026_04_29;129088;408822312.38;129088;pronaf_gaia_historico_anual_2015.xlsx
2015;DF;2015_12;2026_04_29;203;6035005.3;203;pronaf_gaia_historico_anual_2015.xlsx
2015;ES;2015_12;2026_04_29;27254;748538282.96;27254;pronaf_gaia_historico_anual_2015.xlsx
2015;GO;2015_12;2026_04_29;19807;573946520.44;19807;pronaf_gaia_historico_anual_2015.xlsx
2015;MA;2015_12;2026_04_29;79832;395069608.86;79832;pronaf_gaia_historico_anual_2015.xlsx
2015;MG;2015_12;2026_04_29;184482;2413797504.46;184482;pronaf_gaia_historico_anual_2015.xlsx
2015;MS;2015_12;2026_04_29;10065;241422575.15;10065;pronaf_gaia_historico_anual_2015.xlsx
2015;MT;2015_12;2026_04_29;23999;881745318.8;23999;pronaf_gaia_historico_anual_2015.xlsx
2015;PA;2015_12;2026_04_29;26094;355060393.51;26094;pronaf_gaia_historico_anual_2015.xlsx
2015;PB;2015_12;2026_04_29;68682;227214921.83;68682;pronaf_gaia_historico_anual_2015.xlsx
2015;PE;2015_12;2026_04_29;100278;384343730.7;100278;pronaf_gaia_historico_anual_2015.xlsx
2015;PI;2015_12;2026_04_29;106419;294292119.9;106419;pronaf_gaia_historico_anual_2015.xlsx
2015;PR;2015_12;2026_04_29;137956;3599730427.67;137956;pronaf_gaia_historico_anual_2015.xlsx
2015;RJ;2015_12;2026_04_29;5216;108458246.55;5216;pronaf_gaia_historico_anual_2015.xlsx
2015;RN;2015_12;2026_04_29;45194;162367855.69;45194;pronaf_gaia_historico_anual_2015.xlsx
2015;RO;2015_12;2026_04_29;24519;761346038.36;24519;pronaf_gaia_historico_anual_2015.xlsx
2015;RR;2015_12;2026_04_29;1396;42503554.06;1396;pronaf_gaia_historico_anual_2015.xlsx
2015;RS;2015_12;2026_04_29;237096;5257070714.72;237096;pronaf_gaia_historico_anual_2015.xlsx
2015;SC;2015_12;2026_04_29;100113;2378413118.69;100113;pronaf_gaia_historico_anual_2015.xlsx
2015;SE;2015_12;2026_04_29;38983;169426796.81;38983;pronaf_gaia_historico_anual_2015.xlsx
2015;SP;2015_12;2026_04_29;29766;910503051.4399999;29766;pronaf_gaia_historico_anual_2015.xlsx
2015;TO;2015_12;2026_04_29;11208;251692514.9;11208;pronaf_gaia_historico_anual_2015.xlsx
2016;AC;2016_12;2026_04_29;2714;84389623.77;2714;pronaf_gaia_historico_anual_2016.xlsx
2016;AL;2016_12;2026_04_29;30653;123406729.0;30653;pronaf_gaia_historico_anual_2016.xlsx
2016;AM;2016_12;2026_04_29;535;13262410.19;535;pronaf_gaia_historico_anual_2016.xlsx
2016;AP;2016_12;2026_04_29;140;5497633.76;140;pronaf_gaia_historico_anual_2016.xlsx
2016;BA;2016_12;2026_04_29;140515;453282424.66;140515;pronaf_gaia_historico_anual_2016.xlsx
2016;CE;2016_12;2026_04_29;75630;248657737.89;75630;pronaf_gaia_historico_anual_2016.xlsx
2016;DF;2016_12;2026_04_29;108;2755572.91;108;pronaf_gaia_historico_anual_2016.xlsx
2016;ES;2016_12;2026_04_29;17404;531251527.2;17404;pronaf_gaia_historico_anual_2016.xlsx
2016;GO;2016_12;2026_04_29;12624;413956871.71999997;12624;pronaf_gaia_historico_anual_2016.xlsx
2016;MA;2016_12;2026_04_29;53449;266546686.09;53449;pronaf_gaia_historico_anual_2016.xlsx
2016;MG;2016_12;2026_04_29;114595;1723139186.73;114595;pronaf_gaia_historico_anual_2016.xlsx
2016;MS;2016_12;2026_04_29;6067;167086088.88;6067;pronaf_gaia_historico_anual_2016.xlsx
2016;MT;2016_12;2026_04_29;15930;642296282.46;15930;pronaf_gaia_historico_anual_2016.xlsx
2016;PA;2016_12;2026_04_29;9057;152066493.15;9057;pronaf_gaia_historico_anual_2016.xlsx
2016;PB;2016_12;2026_04_29;44746;150354548.13;44746;pronaf_gaia_historico_anual_2016.xlsx
2016;PE;2016_12;2026_04_29;61310;234895169.7;61310;pronaf_gaia_historico_anual_2016.xlsx
2016;PI;2016_12;2026_04_29;67210;186264120.52;67210;pronaf_gaia_historico_anual_2016.xlsx
2016;PR;2016_12;2026_04_29;112630;3284523311.98;112630;pronaf_gaia_historico_anual_2016.xlsx
2016;RJ;2016_12;2026_04_29;3328;79132759.53999999;3328;pronaf_gaia_historico_anual_2016.xlsx
2016;RN;2016_12;2026_04_29;27275;97472575.54;27275;pronaf_gaia_historico_anual_2016.xlsx
2016;RO;2016_12;2026_04_29;16173;557843727.85;16173;pronaf_gaia_historico_anual_2016.xlsx
2016;RR;2016_12;2026_04_29;1264;39732424.22;1264;pronaf_gaia_historico_anual_2016.xlsx
2016;RS;2016_12;2026_04_29;186589;4448506084.92;186589;pronaf_gaia_historico_anual_2016.xlsx
2016;SC;2016_12;2026_04_29;77736;2131520533.6;77736;pronaf_gaia_historico_anual_2016.xlsx
2016;SE;2016_12;2026_04_29;20751;78485083.75;20751;pronaf_gaia_historico_anual_2016.xlsx
2016;SP;2016_12;2026_04_29;15774;536053168.04;15774;pronaf_gaia_historico_anual_2016.xlsx
2016;TO;2016_12;2026_04_29;4965;125399830.25;4965;pronaf_gaia_historico_anual_2016.xlsx
2017;AC;2017_12;2026_04_29;3598;124060757.22;3598;pronaf_gaia_historico_anual_2017.xlsx
2017;AL;2017_12;2026_04_29;41489;229068350.87;41489;pronaf_gaia_historico_anual_2017.xlsx
2017;AM;2017_12;2026_04_29;1353;34185342.98;1353;pronaf_gaia_historico_anual_2017.xlsx
2017;AP;2017_12;2026_04_29;359;11543818.89;359;pronaf_gaia_historico_anual_2017.xlsx
2017;BA;2017_12;2026_04_29;228191;851091029.51;228191;pronaf_gaia_historico_anual_2017.xlsx
2017;CE;2017_12;2026_04_29;125600;442738356.34;125600;pronaf_gaia_historico_anual_2017.xlsx
2017;DF;2017_12;2026_04_29;97;4480920.76;97;pronaf_gaia_historico_anual_2017.xlsx
2017;ES;2017_12;2026_04_29;21499;675148931.49;21499;pronaf_gaia_historico_anual_2017.xlsx
2017;GO;2017_12;2026_04_29;16066;564631065.28;16066;pronaf_gaia_historico_anual_2017.xlsx
2017;MA;2017_12;2026_04_29;78327;416938200.79;78327;pronaf_gaia_historico_anual_2017.xlsx
2017;MG;2017_12;2026_04_29;165879;2465521227.41;165879;pronaf_gaia_historico_anual_2017.xlsx
2017;MS;2017_12;2026_04_29;6884;203994864.02;6884;pronaf_gaia_historico_anual_2017.xlsx
2017;MT;2017_12;2026_04_29;19259;835669634.56;19259;pronaf_gaia_historico_anual_2017.xlsx
2017;PA;2017_12;2026_04_29;12464;238470318.39;12464;pronaf_gaia_historico_anual_2017.xlsx
2017;PB;2017_12;2026_04_29;75478;267791301.35;75478;pronaf_gaia_historico_anual_2017.xlsx
2017;PE;2017_12;2026_04_29;94255;395447967.11;94255;pronaf_gaia_historico_anual_2017.xlsx
2017;PI;2017_12;2026_04_29;103208;359050721.29;103208;pronaf_gaia_historico_anual_2017.xlsx
2017;PR;2017_12;2026_04_29;120267;3818413559.05;120267;pronaf_gaia_historico_anual_2017.xlsx
2017;RJ;2017_12;2026_04_29;5071;140193077.7;5071;pronaf_gaia_historico_anual_2017.xlsx
2017;RN;2017_12;2026_04_29;47157;167692227.8;47157;pronaf_gaia_historico_anual_2017.xlsx
2017;RO;2017_12;2026_04_29;25194;942791032.1800001;25194;pronaf_gaia_historico_anual_2017.xlsx
2017;RR;2017_12;2026_04_29;1200;38082301.1;1200;pronaf_gaia_historico_anual_2017.xlsx
2017;RS;2017_12;2026_04_29;207287;5536566982.68;207287;pronaf_gaia_historico_anual_2017.xlsx
2017;SC;2017_12;2026_04_29;92949;2853236377.38;92949;pronaf_gaia_historico_anual_2017.xlsx
2017;SE;2017_12;2026_04_29;28391;173904395.18;28391;pronaf_gaia_historico_anual_2017.xlsx
2017;SP;2017_12;2026_04_29;18939;657091564.01;18939;pronaf_gaia_historico_anual_2017.xlsx
2017;TO;2017_12;2026_04_29;4935;120942260.31;4935;pronaf_gaia_historico_anual_2017.xlsx
2018;AC;2018_12;2026_04_29;3554;142337730.7;3554;pronaf_gaia_historico_anual_2018.xlsx
2018;AL;2018_12;2026_04_29;39373;256519083.53;39373;pronaf_gaia_historico_anual_2018.xlsx
2018;AM;2018_12;2026_04_29;833;21986484.79;833;pronaf_gaia_historico_anual_2018.xlsx
2018;AP;2018_12;2026_04_29;590;14020620.55;590;pronaf_gaia_historico_anual_2018.xlsx
2018;BA;2018_12;2026_04_29;232187;999361245.39;232187;pronaf_gaia_historico_anual_2018.xlsx
2018;CE;2018_12;2026_04_29;105102;472318127.98;105102;pronaf_gaia_historico_anual_2018.xlsx
2018;DF;2018_12;2026_04_29;55;2905065.45;55;pronaf_gaia_historico_anual_2018.xlsx
2018;ES;2018_12;2026_04_29;19286;683584176.51;19286;pronaf_gaia_historico_anual_2018.xlsx
2018;GO;2018_12;2026_04_29;15954;592876136.83;15954;pronaf_gaia_historico_anual_2018.xlsx
2018;MA;2018_12;2026_04_29;75054;442060542.67;75054;pronaf_gaia_historico_anual_2018.xlsx
2018;MG;2018_12;2026_04_29;158354;2620497954.28;158354;pronaf_gaia_historico_anual_2018.xlsx
2018;MS;2018_12;2026_04_29;6869;213506703.61;6869;pronaf_gaia_historico_anual_2018.xlsx
2018;MT;2018_12;2026_04_29;19885;942061757.96;19885;pronaf_gaia_historico_anual_2018.xlsx
2018;PA;2018_12;2026_04_29;14143;299532007.02;14143;pronaf_gaia_historico_anual_2018.xlsx
2018;PB;2018_12;2026_04_29;73962;308928318.25;73962;pronaf_gaia_historico_anual_2018.xlsx
2018;PE;2018_12;2026_04_29;92573;465166861.28;92573;pronaf_gaia_historico_anual_2018.xlsx
2018;PI;2018_12;2026_04_29;93390;411466766.1;93390;pronaf_gaia_historico_anual_2018.xlsx
2018;PR;2018_12;2026_04_29;111091;3969789254.57;111091;pronaf_gaia_historico_anual_2018.xlsx
2018;RJ;2018_12;2026_04_29;4659;143234629.85999998;4659;pronaf_gaia_historico_anual_2018.xlsx
2018;RN;2018_12;2026_04_29;46292;184339273.78;46292;pronaf_gaia_historico_anual_2018.xlsx
2018;RO;2018_12;2026_04_29;22771;985791702.35;22771;pronaf_gaia_historico_anual_2018.xlsx
2018;RR;2018_12;2026_04_29;1319;41654492.2;1319;pronaf_gaia_historico_anual_2018.xlsx
2018;RS;2018_12;2026_04_29;197064;6217471469.12;197064;pronaf_gaia_historico_anual_2018.xlsx
2018;SC;2018_12;2026_04_29;90959;3245526431.76;90959;pronaf_gaia_historico_anual_2018.xlsx
2018;SE;2018_12;2026_04_29;26868;200378537.39000002;26868;pronaf_gaia_historico_anual_2018.xlsx
2018;SP;2018_12;2026_04_29;16105;603809669.52;16105;pronaf_gaia_historico_anual_2018.xlsx
2018;TO;2018_12;2026_04_29;3833;98215083.3;3833;pronaf_gaia_historico_anual_2018.xlsx
2019;AC;2019_12;2026_04_29;3248;132252518.63;3248;pronaf_gaia_historico_anual_2019.xlsx
2019;AL;2019_12;2026_04_29;34921;229538078.7;34921;pronaf_gaia_historico_anual_2019.xlsx
2019;AM;2019_12;2026_04_29;560;20303270.36;560;pronaf_gaia_historico_anual_2019.xlsx
2019;AP;2019_12;2026_04_29;465;11451202.139999999;465;pronaf_gaia_historico_anual_2019.xlsx
2019;BA;2019_12;2026_04_29;207039;1002548281.51;207039;pronaf_gaia_historico_anual_2019.xlsx
2019;CE;2019_12;2026_04_29;100376;490485409.68;100376;pronaf_gaia_historico_anual_2019.xlsx
2019;DF;2019_12;2026_04_29;74;2775386.3000000003;74;pronaf_gaia_historico_anual_2019.xlsx
2019;ES;2019_12;2026_04_29;17119;689644795.12;17119;pronaf_gaia_historico_anual_2019.xlsx
2019;GO;2019_12;2026_04_29;15703;648225274.57;15703;pronaf_gaia_historico_anual_2019.xlsx
2019;MA;2019_12;2026_04_29;72967;496535765.53;72967;pronaf_gaia_historico_anual_2019.xlsx
2019;MG;2019_12;2026_04_29;134752;2632760240.23;134752;pronaf_gaia_historico_anual_2019.xlsx
2019;MS;2019_12;2026_04_29;6328;214413148.95000002;6328;pronaf_gaia_historico_anual_2019.xlsx
2019;MT;2019_12;2026_04_29;16660;918654921.12;16660;pronaf_gaia_historico_anual_2019.xlsx
2019;PA;2019_12;2026_04_29;12938;361728245.1;12938;pronaf_gaia_historico_anual_2019.xlsx
2019;PB;2019_12;2026_04_29;61451;285071286.39;61451;pronaf_gaia_historico_anual_2019.xlsx
2019;PE;2019_12;2026_04_29;90675;474053303.86;90675;pronaf_gaia_historico_anual_2019.xlsx
2019;PI;2019_12;2026_04_29;84883;407237200.04;84883;pronaf_gaia_historico_anual_2019.xlsx
2019;PR;2019_12;2026_04_29;110584;4369654503.8;110584;pronaf_gaia_historico_anual_2019.xlsx
2019;RJ;2019_12;2026_04_29;4072;134354952.9;4072;pronaf_gaia_historico_anual_2019.xlsx
2019;RN;2019_12;2026_04_29;42211;185583304.42;42211;pronaf_gaia_historico_anual_2019.xlsx
2019;RO;2019_12;2026_04_29;20889;1017899601.34;20889;pronaf_gaia_historico_anual_2019.xlsx
2019;RR;2019_12;2026_04_29;1385;46127629.21;1385;pronaf_gaia_historico_anual_2019.xlsx
2019;RS;2019_12;2026_04_29;189996;6754999964.02;189996;pronaf_gaia_historico_anual_2019.xlsx
2019;SC;2019_12;2026_04_29;85033;3498724455.7999997;85033;pronaf_gaia_historico_anual_2019.xlsx
2019;SE;2019_12;2026_04_29;25159;215812003.64000002;25159;pronaf_gaia_historico_anual_2019.xlsx
2019;SP;2019_12;2026_04_29;14716;630958965.89;14716;pronaf_gaia_historico_anual_2019.xlsx
2019;TO;2019_12;2026_04_29;3583;111404171.78;3583;pronaf_gaia_historico_anual_2019.xlsx
2020;AC;2020_12;2026_04_29;3514;170078469.10999998;3514;pronaf_gaia_historico_anual_2020.xlsx
2020;AL;2020_12;2026_04_29;36531;264653017.25;36531;pronaf_gaia_historico_anual_2020.xlsx
2020;AM;2020_12;2026_04_29;359;19697408.240000002;359;pronaf_gaia_historico_anual_2020.xlsx
2020;AP;2020_12;2026_04_29;379;9665893.67;379;pronaf_gaia_historico_anual_2020.xlsx
2020;BA;2020_12;2026_04_29;221245;1212076325.21;221245;pronaf_gaia_historico_anual_2020.xlsx
2020;CE;2020_12;2026_04_29;107499;542852817.08;107499;pronaf_gaia_historico_anual_2020.xlsx
2020;DF;2020_12;2026_04_29;75;1818923.07;75;pronaf_gaia_historico_anual_2020.xlsx
2020;ES;2020_12;2026_04_29;17723;740208828.3;17723;pronaf_gaia_historico_anual_2020.xlsx
2020;GO;2020_12;2026_04_29;15832;721538137.35;15832;pronaf_gaia_historico_anual_2020.xlsx
2020;MA;2020_12;2026_04_29;85344;589881345.99;85344;pronaf_gaia_historico_anual_2020.xlsx
2020;MG;2020_12;2026_04_29;143079;2994945354.14;143079;pronaf_gaia_historico_anual_2020.xlsx
2020;MS;2020_12;2026_04_29;5754;222243611.8;5754;pronaf_gaia_historico_anual_2020.xlsx
2020;MT;2020_12;2026_04_29;19652;1175974074.44;19652;pronaf_gaia_historico_anual_2020.xlsx
2020;PA;2020_12;2026_04_29;12632;491046791.34;12632;pronaf_gaia_historico_anual_2020.xlsx
2020;PB;2020_12;2026_04_29;63305;310556686.41;63305;pronaf_gaia_historico_anual_2020.xlsx
2020;PE;2020_12;2026_04_29;93341;556125515.94;93341;pronaf_gaia_historico_anual_2020.xlsx
2020;PI;2020_12;2026_04_29;98255;446718077.69;98255;pronaf_gaia_historico_anual_2020.xlsx
2020;PR;2020_12;2026_04_29;111749;5267765609.11;111749;pronaf_gaia_historico_anual_2020.xlsx
2020;RJ;2020_12;2026_04_29;3933;143299915.87;3933;pronaf_gaia_historico_anual_2020.xlsx
2020;RN;2020_12;2026_04_29;40963;198552013.03;40963;pronaf_gaia_historico_anual_2020.xlsx
2020;RO;2020_12;2026_04_29;24282;1365271028.18;24282;pronaf_gaia_historico_anual_2020.xlsx
2020;RR;2020_12;2026_04_29;1618;59309503.42;1618;pronaf_gaia_historico_anual_2020.xlsx
2020;RS;2020_12;2026_04_29;193709;8272944825.72;193709;pronaf_gaia_historico_anual_2020.xlsx
2020;SC;2020_12;2026_04_29;91567;4379787599.38;91567;pronaf_gaia_historico_anual_2020.xlsx
2020;SE;2020_12;2026_04_29;24968;255307594.1;24968;pronaf_gaia_historico_anual_2020.xlsx
2020;SP;2020_12;2026_04_29;13723;638974071.12;13723;pronaf_gaia_historico_anual_2020.xlsx
2020;TO;2020_12;2026_04_29;3508;121980417.33;3508;pronaf_gaia_historico_anual_2020.xlsx
2021;AC;2021_12;2026_04_29;4076;267653916.98000002;4076;pronaf_gaia_historico_anual_2021.xlsx
2021;AL;2021_12;2026_04_29;36085;306871777.19;36085;pronaf_gaia_historico_anual_2021.xlsx
2021;AM;2021_12;2026_04_29;658;30134658.89;658;pronaf_gaia_historico_anual_2021.xlsx
2021;AP;2021_12;2026_04_29;693;17386468.31;693;pronaf_gaia_historico_anual_2021.xlsx
2021;BA;2021_12;2026_04_29;218020;1502680133.09;218020;pronaf_gaia_historico_anual_2021.xlsx
2021;CE;2021_12;2026_04_29;90143;573060209.07;90143;pronaf_gaia_historico_anual_2021.xlsx
2021;DF;2021_12;2026_04_29;85;2225998.63;85;pronaf_gaia_historico_anual_2021.xlsx
2021;ES;2021_12;2026_04_29;19907;1036635090.74;19907;pronaf_gaia_historico_anual_2021.xlsx
2021;GO;2021_12;2026_04_29;16445;906202495.3100001;16445;pronaf_gaia_historico_anual_2021.xlsx
2021;MA;2021_12;2026_04_29;82691;711184353.87;82691;pronaf_gaia_historico_anual_2021.xlsx
2021;MG;2021_12;2026_04_29;146150;3769686223.04;146150;pronaf_gaia_historico_anual_2021.xlsx
2021;MS;2021_12;2026_04_29;5424;250469341.52;5424;pronaf_gaia_historico_anual_2021.xlsx
2021;MT;2021_12;2026_04_29;21218;1760698464.26;21218;pronaf_gaia_historico_anual_2021.xlsx
2021;PA;2021_12;2026_04_29;18079;851790319.17;18079;pronaf_gaia_historico_anual_2021.xlsx
2021;PB;2021_12;2026_04_29;68786;390651037.83;68786;pronaf_gaia_historico_anual_2021.xlsx
2021;PE;2021_12;2026_04_29;91022;654061672.95;91022;pronaf_gaia_historico_anual_2021.xlsx
2021;PI;2021_12;2026_04_29;98387;526506748.28000003;98387;pronaf_gaia_historico_anual_2021.xlsx
2021;PR;2021_12;2026_04_29;109253;6728797050.45;109253;pronaf_gaia_historico_anual_2021.xlsx
2021;RJ;2021_12;2026_04_29;4016;178317576.89;4016;pronaf_gaia_historico_anual_2021.xlsx
2021;RN;2021_12;2026_04_29;42400;238748575.14;42400;pronaf_gaia_historico_anual_2021.xlsx
2021;RO;2021_12;2026_04_29;26796;2102343411.78;26796;pronaf_gaia_historico_anual_2021.xlsx
2021;RR;2021_12;2026_04_29;1827;92592872.84;1827;pronaf_gaia_historico_anual_2021.xlsx
2021;RS;2021_12;2026_04_29;203021;10523063870.76;203021;pronaf_gaia_historico_anual_2021.xlsx
2021;SC;2021_12;2026_04_29;95740;5572334380.85;95740;pronaf_gaia_historico_anual_2021.xlsx
2021;SE;2021_12;2026_04_29;26000;320565288.79;26000;pronaf_gaia_historico_anual_2021.xlsx
2021;SP;2021_12;2026_04_29;13146;742911273.27;13146;pronaf_gaia_historico_anual_2021.xlsx
2021;TO;2021_12;2026_04_29;3721;174200191.89;3721;pronaf_gaia_historico_anual_2021.xlsx
2022;AC;2022_12;2026_04_29;4767;307830891.07;4767;pronaf_gaia_historico_anual_2022.xlsx
2022;AL;2022_12;2026_04_29;36486;374608432.29;36486;pronaf_gaia_historico_anual_2022.xlsx
2022;AM;2022_12;2026_04_29;1399;44840163.81;1399;pronaf_gaia_historico_anual_2022.xlsx
2022;AP;2022_12;2026_04_29;668;15164119.49;668;pronaf_gaia_historico_anual_2022.xlsx
2022;BA;2022_12;2026_04_29;199646;1786241050.07;199646;pronaf_gaia_historico_anual_2022.xlsx
2022;CE;2022_12;2026_04_29;98600;723788245.57;98600;pronaf_gaia_historico_anual_2022.xlsx
2022;DF;2022_12;2026_04_29;69;2155638.14;69;pronaf_gaia_historico_anual_2022.xlsx
2022;ES;2022_12;2026_04_29;20280;1349224281.69;20280;pronaf_gaia_historico_anual_2022.xlsx
2022;GO;2022_12;2026_04_29;15466;992678525.62;15466;pronaf_gaia_historico_anual_2022.xlsx
2022;MA;2022_12;2026_04_29;79763;830718509.35;79763;pronaf_gaia_historico_anual_2022.xlsx
2022;MG;2022_12;2026_04_29;149770;4587055763.61;149770;pronaf_gaia_historico_anual_2022.xlsx
2022;MS;2022_12;2026_04_29;5157;268798545.87;5157;pronaf_gaia_historico_anual_2022.xlsx
2022;MT;2022_12;2026_04_29;20378;1925326744.15;20378;pronaf_gaia_historico_anual_2022.xlsx
2022;PA;2022_12;2026_04_29;23191;1181969866.83;23191;pronaf_gaia_historico_anual_2022.xlsx
2022;PB;2022_12;2026_04_29;72303;432101923.92;72303;pronaf_gaia_historico_anual_2022.xlsx
2022;PE;2022_12;2026_04_29;85025;734788544.54;85025;pronaf_gaia_historico_anual_2022.xlsx
2022;PI;2022_12;2026_04_29;93798;557530555.17;93798;pronaf_gaia_historico_anual_2022.xlsx
2022;PR;2022_12;2026_04_29;116377;8688715960.03;116377;pronaf_gaia_historico_anual_2022.xlsx
2022;RJ;2022_12;2026_04_29;3377;183145808.14;3377;pronaf_gaia_historico_anual_2022.xlsx
2022;RN;2022_12;2026_04_29;41994;264447419.66;41994;pronaf_gaia_historico_anual_2022.xlsx
2022;RO;2022_12;2026_04_29;27536;2181191208.0499997;27536;pronaf_gaia_historico_anual_2022.xlsx
2022;RR;2022_12;2026_04_29;1458;90482644.19;1458;pronaf_gaia_historico_anual_2022.xlsx
2022;RS;2022_12;2026_04_29;216497;14204210151.88;216497;pronaf_gaia_historico_anual_2022.xlsx
2022;SC;2022_12;2026_04_29;97725;6625906043.39;97725;pronaf_gaia_historico_anual_2022.xlsx
2022;SE;2022_12;2026_04_29;26410;433283235.2;26410;pronaf_gaia_historico_anual_2022.xlsx
2022;SP;2022_12;2026_04_29;12128;816325440.87;12128;pronaf_gaia_historico_anual_2022.xlsx
2022;TO;2022_12;2026_04_29;3713;189471812.13;3713;pronaf_gaia_historico_anual_2022.xlsx
2023;AC;2023_12;2026_04_29;4898;394913237.55;4898;pronaf_gaia_historico_anual_2023.xlsx
2023;AL;2023_12;2026_04_29;36683;537421698.61;36683;pronaf_gaia_historico_anual_2023.xlsx
2023;AM;2023_12;2026_04_29;1365;70115055.69;1365;pronaf_gaia_historico_anual_2023.xlsx
2023;AP;2023_12;2026_04_29;501;15438301.5;501;pronaf_gaia_historico_anual_2023.xlsx
2023;BA;2023_12;2026_04_29;225823;2568215551.61;225823;pronaf_gaia_historico_anual_2023.xlsx
2023;CE;2023_12;2026_04_29;110637;1048526366.66;110637;pronaf_gaia_historico_anual_2023.xlsx
2023;DF;2023_12;2026_04_29;56;2899531.77;56;pronaf_gaia_historico_anual_2023.xlsx
2023;ES;2023_12;2026_04_29;26242;1926324299.09;26242;pronaf_gaia_historico_anual_2023.xlsx
2023;GO;2023_12;2026_04_29;16130;1104922384.35;16130;pronaf_gaia_historico_anual_2023.xlsx
2023;MA;2023_12;2026_04_29;87103;1109172894.96;87103;pronaf_gaia_historico_anual_2023.xlsx
2023;MG;2023_12;2026_04_29;162840;5373626220.66;162840;pronaf_gaia_historico_anual_2023.xlsx
2023;MS;2023_12;2026_04_29;5838;309368235.16;5838;pronaf_gaia_historico_anual_2023.xlsx
2023;MT;2023_12;2026_04_29;18011;1778696088.26;18011;pronaf_gaia_historico_anual_2023.xlsx
2023;PA;2023_12;2026_04_29;16961;1199399096.78;16961;pronaf_gaia_historico_anual_2023.xlsx
2023;PB;2023_12;2026_04_29;84391;631238514.77;84391;pronaf_gaia_historico_anual_2023.xlsx
2023;PE;2023_12;2026_04_29;90714;1068641589.23;90714;pronaf_gaia_historico_anual_2023.xlsx
2023;PI;2023_12;2026_04_29;105898;762435869.4;105898;pronaf_gaia_historico_anual_2023.xlsx
2023;PR;2023_12;2026_04_29;113911;8366052247.23;113911;pronaf_gaia_historico_anual_2023.xlsx
2023;RJ;2023_12;2026_04_29;3873;245267620.13;3873;pronaf_gaia_historico_anual_2023.xlsx
2023;RN;2023_12;2026_04_29;49660;385562827.23;49660;pronaf_gaia_historico_anual_2023.xlsx
2023;RO;2023_12;2026_04_29;28716;2250076638.7999997;28716;pronaf_gaia_historico_anual_2023.xlsx
2023;RR;2023_12;2026_04_29;1395;111695994.17999999;1395;pronaf_gaia_historico_anual_2023.xlsx
2023;RS;2023_12;2026_04_29;226610;14481666474.28;226610;pronaf_gaia_historico_anual_2023.xlsx
2023;SC;2023_12;2026_04_29;105371;7664053672.349999;105371;pronaf_gaia_historico_anual_2023.xlsx
2023;SE;2023_12;2026_04_29;30277;578437387.38;30277;pronaf_gaia_historico_anual_2023.xlsx
2023;SP;2023_12;2026_04_29;13872;952295051.78;13872;pronaf_gaia_historico_anual_2023.xlsx
2023;TO;2023_12;2026_04_29;3988;233131158.85;3988;pronaf_gaia_historico_anual_2023.xlsx
2024;AC;2024_12;2026_04_29;4590;509623546.35;4590;pronaf_gaia_historico_anual_2024.xlsx
2024;AL;2024_12;2026_04_29;50324;723327163.98;50324;pronaf_gaia_historico_anual_2024.xlsx
2024;AM;2024_12;2026_04_29;1638;72862774.82000001;1638;pronaf_gaia_historico_anual_2024.xlsx
2024;AP;2024_12;2026_04_29;421;16878587.099999998;421;pronaf_gaia_historico_anual_2024.xlsx
2024;BA;2024_12;2026_04_29;266361;3556308347.9900002;266361;pronaf_gaia_historico_anual_2024.xlsx
2024;CE;2024_12;2026_04_29;137036;1487344902.96;137036;pronaf_gaia_historico_anual_2024.xlsx
2024;DF;2024_12;2026_04_29;57;3528038.62;57;pronaf_gaia_historico_anual_2024.xlsx
2024;ES;2024_12;2026_04_29;31071;2474968676.83;31071;pronaf_gaia_historico_anual_2024.xlsx
2024;GO;2024_12;2026_04_29;16359;1298882739.77;16359;pronaf_gaia_historico_anual_2024.xlsx
2024;MA;2024_12;2026_04_29;113766;1729131768.4;113766;pronaf_gaia_historico_anual_2024.xlsx
2024;MG;2024_12;2026_04_29;178785;6430955476.33;178785;pronaf_gaia_historico_anual_2024.xlsx
2024;MS;2024_12;2026_04_29;6763;373553025.07;6763;pronaf_gaia_historico_anual_2024.xlsx
2024;MT;2024_12;2026_04_29;15776;1638708281.17;15776;pronaf_gaia_historico_anual_2024.xlsx
2024;PA;2024_12;2026_04_29;22335;1712890727.16;22335;pronaf_gaia_historico_anual_2024.xlsx
2024;PB;2024_12;2026_04_29;95508;876387670.06;95508;pronaf_gaia_historico_anual_2024.xlsx
2024;PE;2024_12;2026_04_29;119443;1579969556.8;119443;pronaf_gaia_historico_anual_2024.xlsx
2024;PI;2024_12;2026_04_29;140908;1129625243.44;140908;pronaf_gaia_historico_anual_2024.xlsx
2024;PR;2024_12;2026_04_29;115954;8615093178.4;115954;pronaf_gaia_historico_anual_2024.xlsx
2024;RJ;2024_12;2026_04_29;4210;295346439.71999997;4210;pronaf_gaia_historico_anual_2024.xlsx
2024;RN;2024_12;2026_04_29;62922;554526346.76;62922;pronaf_gaia_historico_anual_2024.xlsx
2024;RO;2024_12;2026_04_29;25475;2441425187.7599998;25475;pronaf_gaia_historico_anual_2024.xlsx
2024;RR;2024_12;2026_04_29;1430;135565211.17999998;1430;pronaf_gaia_historico_anual_2024.xlsx
2024;RS;2024_12;2026_04_29;229936;15908405049.47;229936;pronaf_gaia_historico_anual_2024.xlsx
2024;SC;2024_12;2026_04_29;112304;8590525227.29;112304;pronaf_gaia_historico_anual_2024.xlsx
2024;SE;2024_12;2026_04_29;39096;814378195.09;39096;pronaf_gaia_historico_anual_2024.xlsx
2024;SP;2024_12;2026_04_29;15261;1133423920.34;15261;pronaf_gaia_historico_anual_2024.xlsx
2024;TO;2024_12;2026_04_29;5347;399218181.23;5347;pronaf_gaia_historico_anual_2024.xlsx
2025;AC;2025_12;2026_04_29;9629;540211592.6899999;9629;pronaf_gaia_historico_anual_2025.xlsx
2025;AL;2025_12;2026_04_29;57468;747748172.39;57468;pronaf_gaia_historico_anual_2025.xlsx
2025;AM;2025_12;2026_04_29;6470;132979695.18;6470;pronaf_gaia_historico_anual_2025.xlsx
2025;AP;2025_12;2026_04_29;3501;69300733.26;3501;pronaf_gaia_historico_anual_2025.xlsx
2025;BA;2025_12;2026_04_29;321006;3872890880.0;321006;pronaf_gaia_historico_anual_2025.xlsx
2025;CE;2025_12;2026_04_29;191245;1770548966.57;191245;pronaf_gaia_historico_anual_2025.xlsx
2025;DF;2025_12;2026_04_29;224;5549092.62;224;pronaf_gaia_historico_anual_2025.xlsx
2025;ES;2025_12;2026_04_29;33894;2908825528.79;33894;pronaf_gaia_historico_anual_2025.xlsx
2025;GO;2025_12;2026_04_29;17846;1299762886.27;17846;pronaf_gaia_historico_anual_2025.xlsx
2025;MA;2025_12;2026_04_29;145143;1731910154.14;145143;pronaf_gaia_historico_anual_2025.xlsx
2025;MG;2025_12;2026_04_29;201531;6778105711.61;201531;pronaf_gaia_historico_anual_2025.xlsx
2025;MS;2025_12;2026_04_29;11188;552030761.42;11188;pronaf_gaia_historico_anual_2025.xlsx
2025;MT;2025_12;2026_04_29;13692;1451853268.28;13692;pronaf_gaia_historico_anual_2025.xlsx
2025;PA;2025_12;2026_04_29;45400;2101135631.92;45400;pronaf_gaia_historico_anual_2025.xlsx
2025;PB;2025_12;2026_04_29;110091;975964731.54;110091;pronaf_gaia_historico_anual_2025.xlsx
2025;PE;2025_12;2026_04_29;147373;1674593135.6399999;147373;pronaf_gaia_historico_anual_2025.xlsx
2025;PI;2025_12;2026_04_29;178374;1263003016.47;178374;pronaf_gaia_historico_anual_2025.xlsx
2025;PR;2025_12;2026_04_29;101904;8499544994.38;101904;pronaf_gaia_historico_anual_2025.xlsx
2025;RJ;2025_12;2026_04_29;3949;270397182.2;3949;pronaf_gaia_historico_anual_2025.xlsx
2025;RN;2025_12;2026_04_29;77263;647307466.91;77263;pronaf_gaia_historico_anual_2025.xlsx
2025;RO;2025_12;2026_04_29;22852;2169759298.84;22852;pronaf_gaia_historico_anual_2025.xlsx
2025;RR;2025_12;2026_04_29;2303;150157907.99;2303;pronaf_gaia_historico_anual_2025.xlsx
2025;RS;2025_12;2026_04_29;196746;14649761194.94;196746;pronaf_gaia_historico_anual_2025.xlsx
2025;SC;2025_12;2026_04_29;102343;9463789183.37;102343;pronaf_gaia_historico_anual_2025.xlsx
2025;SE;2025_12;2026_04_29;46357;981825623.96;46357;pronaf_gaia_historico_anual_2025.xlsx
2025;SP;2025_12;2026_04_29;14533;1199590032.79;14533;pronaf_gaia_historico_anual_2025.xlsx
2025;TO;2025_12;2026_04_29;8195;503034545.24;8195;pronaf_gaia_historico_anual_2025.xlsx
